{
  "W(1.0,0.0)": {
    "alpha_obj": 1.0,
    "beta_obj": 0.0,
    "summary": {
      "avg_makespan": 194.63333333333335,
      "avg_energy": 4641.673057030284,
      "avg_objective": 194.63333333333335,
      "makespan_gap": 24.049288294030177,
      "energy_gap": 116.06531112813201,
      "balance_score": 0.0798397716589817
    },
    "instances": {
      "Instance_10x5x4": {
        "makespan_best": 149.5,
        "makespan_avg": 156.9,
        "makespan_std": 4.185424444160689,
        "energy_best": 2368.849604548185,
        "energy_avg": 2427.358842280428,
        "energy_std": 49.27092750884995,
        "objective_best": 149.5,
        "objective_avg": 156.9,
        "objective_std": 4.185424444160689
      },
      "Instance_15x6x5": {
        "makespan_best": 227.16666666666669,
        "makespan_avg": 235.3,
        "makespan_std": 5.889161419270332,
        "energy_best": 5687.9858706762125,
        "energy_avg": 5707.503877138581,
        "energy_std": 17.509235565215086,
        "objective_best": 227.16666666666669,
        "objective_avg": 235.3,
        "objective_std": 5.889161419270332
      },
      "Instance_20x8x5": {
        "makespan_best": 188.8333333333333,
        "makespan_avg": 191.7,
        "makespan_std": 1.5542057635833177,
        "energy_best": 5767.032779394628,
        "energy_avg": 5790.1564516718445,
        "energy_std": 12.948896783733453,
        "objective_best": 188.8333333333333,
        "objective_avg": 191.7,
        "objective_std": 1.5542057635833177
      }
    }
  },
  "W(0.8,0.2)": {
    "alpha_obj": 0.8,
    "beta_obj": 0.2,
    "summary": {
      "avg_makespan": 197.21111111111114,
      "avg_energy": 4648.591586822194,
      "avg_objective": 167.0660720625333,
      "makespan_gap": 25.692231428369105,
      "energy_gap": 116.38736187872807,
      "balance_score": 0.09304869549641037
    },
    "instances": {
      "Instance_10x5x4": {
        "makespan_best": 156.33333333333334,
        "makespan_avg": 158.2666666666667,
        "makespan_std": 2.1822516404443886,
        "energy_best": 2368.849604548185,
        "energy_avg": 2421.9082035881256,
        "energy_std": 47.33826253654506,
        "objective_best": 129.92293580696634,
        "objective_avg": 131.45714974050958,
        "objective_std": 1.7335013519723712
      },
      "Instance_15x6x5": {
        "makespan_best": 218.16666666666666,
        "makespan_avg": 238.9,
        "makespan_std": 11.61732422816124,
        "energy_best": 5645.27146667108,
        "energy_avg": 5719.786031678879,
        "energy_std": 44.86044425333774,
        "objective_best": 186.01413262114528,
        "objective_avg": 202.55957206335776,
        "objective_std": 9.276820540307247
      },
      "Instance_20x8x5": {
        "makespan_best": 187.83333333333331,
        "makespan_avg": 194.4666666666667,
        "makespan_std": 4.153178167246008,
        "energy_best": 5736.165739188776,
        "energy_avg": 5804.080525199578,
        "energy_std": 55.12264000784974,
        "objective_best": 161.7389981450442,
        "objective_avg": 167.18149438373248,
        "objective_std": 3.3846807242859187
      }
    }
  },
  "W(0.7,0.3)": {
    "alpha_obj": 0.7,
    "beta_obj": 0.3,
    "summary": {
      "avg_makespan": 198.2888888888889,
      "avg_energy": 4652.61071190569,
      "avg_objective": 152.76005435793928,
      "makespan_gap": 26.379151618157355,
      "energy_gap": 116.5744481945799,
      "balance_score": 0.09804703423577454
    },
    "instances": {
      "Instance_10x5x4": {
        "makespan_best": 156.5,
        "makespan_avg": 158.06666666666666,
        "makespan_std": 2.2696059374065642,
        "energy_best": 2307.158623022819,
        "energy_avg": 2387.726562107472,
        "energy_std": 63.22900280300822,
        "objective_best": 116.47147586906846,
        "objective_avg": 117.80984635298907,
        "objective_std": 1.6456349543846338
      },
      "Instance_15x6x5": {
        "makespan_best": 229.33333333333334,
        "makespan_avg": 242.0,
        "makespan_std": 7.515909052728671,
        "energy_best": 5613.680352849921,
        "energy_avg": 5756.5393856740475,
        "energy_std": 119.44240863058727,
        "objective_best": 177.58538652479578,
        "objective_avg": 186.66961815702217,
        "objective_std": 5.285633561281981
      },
      "Instance_20x8x5": {
        "makespan_best": 191.33333333333337,
        "makespan_avg": 194.8,
        "makespan_std": 3.2530327730015474,
        "energy_best": 5789.418371254058,
        "energy_avg": 5813.566187935549,
        "energy_std": 42.08070372888719,
        "objective_best": 151.30158844709553,
        "objective_avg": 153.80069856380663,
        "objective_std": 2.3167415227653554
      }
    }
  },
  "W(0.6,0.4)": {
    "alpha_obj": 0.6,
    "beta_obj": 0.4,
    "summary": {
      "avg_makespan": 197.0,
      "avg_energy": 4655.704642771199,
      "avg_objective": 136.82281857108478,
      "makespan_gap": 25.557680050987884,
      "energy_gap": 116.71846763042808,
      "balance_score": 0.08839212420559805
    },
    "instances": {
      "Instance_10x5x4": {
        "makespan_best": 156.5,
        "makespan_avg": 158.36666666666665,
        "makespan_std": 2.8409701003549945,
        "energy_best": 2307.158623022819,
        "energy_avg": 2407.0962278645984,
        "energy_std": 71.78684372990965,
        "objective_best": 103.12863449209127,
        "objective_avg": 104.64838491145838,
        "objective_std": 1.9112098175605343
      },
      "Instance_15x6x5": {
        "makespan_best": 227.16666666666669,
        "makespan_avg": 240.73333333333335,
        "makespan_std": 8.41599007181501,
        "energy_best": 5672.752726269235,
        "energy_avg": 5750.356499459207,
        "energy_std": 111.70792262497697,
        "objective_best": 158.99101090507696,
        "objective_avg": 167.44142599783686,
        "objective_std": 5.1240932759278595
      },
      "Instance_20x8x5": {
        "makespan_best": 188.8333333333333,
        "makespan_avg": 191.9,
        "makespan_std": 2.7580186124583608,
        "energy_best": 5744.461129387391,
        "energy_avg": 5809.661200989793,
        "energy_std": 80.87942314688267,
        "objective_best": 136.32999650544627,
        "objective_avg": 138.37864480395916,
        "objective_std": 1.9653175857807297
      }
    }
  },
  "W(0.5,0.5)": {
    "alpha_obj": 0.5,
    "beta_obj": 0.5,
    "summary": {
      "avg_makespan": 196.85555555555553,
      "avg_energy": 4645.46564775976,
      "avg_objective": 121.65510601657657,
      "makespan_gap": 25.465618582253356,
      "energy_gap": 116.24185249282479,
      "balance_score": 0.09223766089428564
    },
    "instances": {
      "Instance_10x5x4": {
        "makespan_best": 154.16666666666666,
        "makespan_avg": 157.6,
        "makespan_std": 2.7357712704910977,
        "energy_best": 2307.158623022819,
        "energy_avg": 2389.719312280748,
        "energy_std": 63.172205459787214,
        "objective_best": 89.04285068189827,
        "objective_avg": 90.74859656140374,
        "objective_std": 1.4582418329841667
      },
      "Instance_15x6x5": {
        "makespan_best": 237.16666666666669,
        "makespan_avg": 241.83333333333334,
        "makespan_std": 4.38938112570174,
        "energy_best": 5617.993352683908,
        "energy_avg": 5721.180907578181,
        "energy_std": 125.93612875225051,
        "objective_best": 146.67330009675288,
        "objective_avg": 149.5225712045576,
        "objective_std": 2.367207514964977
      },
      "Instance_20x8x5": {
        "makespan_best": 188.8333333333333,
        "makespan_avg": 191.13333333333333,
        "makespan_std": 1.5470401847829873,
        "energy_best": 5757.499126361574,
        "energy_avg": 5825.496723420351,
        "energy_std": 72.60497274592801,
        "objective_best": 123.20416229847451,
        "objective_avg": 124.69415028376841,
        "objective_std": 0.8030144070551237
      }
    }
  },
  "W(0.4,0.6)": {
    "alpha_obj": 0.4,
    "beta_obj": 0.6,
    "summary": {
      "avg_makespan": 199.16666666666666,
      "avg_energy": 4602.472997971963,
      "avg_objective": 107.28150465449845,
      "makespan_gap": 26.938602082005513,
      "energy_gap": 114.24058697099883,
      "balance_score": 0.12698015111006677
    },
    "instances": {
      "Instance_10x5x4": {
        "makespan_best": 154.16666666666669,
        "makespan_avg": 157.13333333333335,
        "makespan_std": 1.6546231527987771,
        "energy_best": 2307.158623022819,
        "energy_avg": 2376.472368843567,
        "energy_std": 66.1142102292782,
        "objective_best": 75.83373683925826,
        "objective_avg": 77.11216754639474,
        "objective_std": 0.8511181648285623
      },
      "Instance_15x6x5": {
        "makespan_best": 240.00000000000003,
        "makespan_avg": 247.63333333333335,
        "makespan_std": 4.442721888412293,
        "energy_best": 5545.366641319607,
        "energy_avg": 5659.696552685096,
        "energy_std": 71.91336034045385,
        "objective_best": 130.61740168964678,
        "objective_avg": 133.01151264944392,
        "objective_std": 1.553494477996222
      },
      "Instance_20x8x5": {
        "makespan_best": 186.66666666666666,
        "makespan_avg": 192.73333333333332,
        "makespan_std": 4.339226761634942,
        "energy_best": 5711.915374136099,
        "energy_avg": 5771.250072387227,
        "energy_std": 30.113766458815864,
        "objective_best": 108.93815891148327,
        "objective_avg": 111.7208337676567,
        "objective_std": 1.8690187863266525
      }
    }
  },
  "W(0.3,0.7)": {
    "alpha_obj": 0.3,
    "beta_obj": 0.7,
    "summary": {
      "avg_makespan": 197.9888888888889,
      "avg_energy": 4567.374579571628,
      "avg_objective": 91.36828872366806,
      "makespan_gap": 26.187947029247226,
      "energy_gap": 112.6067901484743,
      "balance_score": 0.13581156880772927
    },
    "instances": {
      "Instance_10x5x4": {
        "makespan_best": 156.5,
        "makespan_avg": 159.60000000000002,
        "makespan_std": 2.05372290676658,
        "energy_best": 2305.6060821758047,
        "energy_avg": 2345.2816004065203,
        "energy_std": 36.551833462628004,
        "objective_best": 63.36268929821028,
        "objective_avg": 64.29697120284564,
        "objective_std": 0.5556381122556036
      },
      "Instance_15x6x5": {
        "makespan_best": 235.0,
        "makespan_avg": 242.2333333333333,
        "makespan_std": 4.215843134336638,
        "energy_best": 5533.251180711142,
        "energy_avg": 5588.549270091596,
        "energy_std": 60.7088543066183,
        "objective_best": 109.92593904974542,
        "objective_avg": 111.78984489064116,
        "objective_std": 0.9948771689031441
      },
      "Instance_20x8x5": {
        "makespan_best": 176.83333333333334,
        "makespan_avg": 192.13333333333333,
        "makespan_std": 8.364209466530582,
        "energy_best": 5744.461129387394,
        "energy_avg": 5768.2928682167685,
        "energy_std": 18.281603848982265,
        "objective_best": 93.26122790571176,
        "objective_avg": 98.01805007751736,
        "objective_std": 2.588815827838695
      }
    }
  },
  "W(0.2,0.8)": {
    "alpha_obj": 0.2,
    "beta_obj": 0.8,
    "summary": {
      "avg_makespan": 199.4333333333333,
      "avg_energy": 4525.023046651357,
      "avg_objective": 76.08685103987752,
      "makespan_gap": 27.108561716592288,
      "energy_gap": 110.63536798565909,
      "balance_score": 0.164731937309332
    },
    "instances": {
      "Instance_10x5x4": {
        "makespan_best": 157.5,
        "makespan_avg": 161.53333333333333,
        "makespan_std": 4.568491119736476,
        "energy_best": 2251.586343100026,
        "energy_avg": 2328.5148251512132,
        "energy_std": 74.28125000949129,
        "objective_best": 50.21741165918759,
        "objective_avg": 50.93478526787637,
        "objective_std": 0.6289657048912374
      },
      "Instance_15x6x5": {
        "makespan_best": 240.5,
        "makespan_avg": 247.43333333333334,
        "makespan_std": 4.623130252689548,
        "energy_best": 5506.456987454431,
        "energy_avg": 5560.099574072696,
        "energy_std": 64.2291097675441,
        "objective_best": 93.33267611235581,
        "objective_avg": 93.96746325924822,
        "objective_std": 0.685581691795137
      },
      "Instance_20x8x5": {
        "makespan_best": 176.83333333333334,
        "makespan_avg": 189.33333333333331,
        "makespan_std": 8.696103853003482,
        "energy_best": 5668.855872517665,
        "energy_avg": 5686.454740730162,
        "energy_std": 10.086262955882844,
        "objective_best": 80.95643041621584,
        "objective_avg": 83.35830459250796,
        "objective_std": 1.698958706822062
      }
    }
  },
  "W(0.0,1.0)": {
    "alpha_obj": 0.0,
    "beta_obj": 1.0,
    "summary": {
      "avg_makespan": 330.1666666666667,
      "avg_energy": 4369.008738003163,
      "avg_objective": 43.69008738003163,
      "makespan_gap": 110.43127257276397,
      "energy_gap": 103.37305551247526,
      "balance_score": 0.9294178293971129
    },
    "instances": {
      "Instance_10x5x4": {
        "makespan_best": 252.66666666666669,
        "makespan_avg": 281.20000000000005,
        "makespan_std": 22.701297075032727,
        "energy_best": 2148.273146112593,
        "energy_avg": 2148.273146112593,
        "energy_std": 0.0,
        "objective_best": 21.482731461125933,
        "objective_avg": 21.482731461125933,
        "objective_std": 0.0
      },
      "Instance_15x6x5": {
        "makespan_best": 307.1666666666667,
        "makespan_avg": 346.23333333333335,
        "makespan_std": 27.025214563851684,
        "energy_best": 5461.037112016758,
        "energy_avg": 5461.037112016759,
        "energy_std": 4.067383956680332e-13,
        "objective_best": 54.610371120167585,
        "objective_avg": 54.610371120167585,
        "objective_std": 6.355287432313019e-15
      },
      "Instance_20x8x5": {
        "makespan_best": 311.1666666666667,
        "makespan_avg": 363.06666666666666,
        "makespan_std": 38.8062996031429,
        "energy_best": 5497.715955880138,
        "energy_avg": 5497.715955880138,
        "energy_std": 4.067383956680332e-13,
        "objective_best": 54.977159558801375,
        "objective_avg": 54.977159558801375,
        "objective_std": 6.355287432313019e-15
      }
    }
  }
}