{
  "name": "Small_5x3x3",
  "num_jobs": 5,
  "num_machines": 3,
  "total_operations": 15,
  "alpha": 0.5,
  "beta": 0.5,
  "jobs": [
    {
      "job_id": 0,
      "operations": [
        {
          "op_id": 0,
          "alternatives": {
            "2": {
              "L": 53,
              "M": 67,
              "U": 80,
              "GMIR": 66.83
            }
          }
        },
        {
          "op_id": 1,
          "alternatives": {
            "1": {
              "L": 52,
              "M": 65,
              "U": 78,
              "GMIR": 65.0
            }
          }
        },
        {
          "op_id": 2,
          "alternatives": {
            "1": {
              "L": 73,
              "M": 92,
              "U": 110,
              "GMIR": 91.83
            }
          }
        }
      ]
    },
    {
      "job_id": 1,
      "operations": [
        {
          "op_id": 0,
          "alternatives": {
            "0": {
              "L": 71,
              "M": 89,
              "U": 106,
              "GMIR": 88.83
            }
          }
        },
        {
          "op_id": 1,
          "alternatives": {
            "2": {
              "L": 60,
              "M": 76,
              "U": 91,
              "GMIR": 75.83
            }
          }
        },
        {
          "op_id": 2,
          "alternatives": {
            "0": {
              "L": 40,
              "M": 51,
              "U": 61,
              "GMIR": 50.83
            }
          }
        }
      ]
    },
    {
      "job_id": 2,
      "operations": [
        {
          "op_id": 0,
          "alternatives": {
            "1": {
              "L": 19,
              "M": 24,
              "U": 28,
              "GMIR": 23.83
            }
          }
        },
        {
          "op_id": 1,
          "alternatives": {
            "0": {
              "L": 56,
              "M": 71,
              "U": 85,
              "GMIR": 70.83
            }
          }
        },
        {
          "op_id": 2,
          "alternatives": {
            "2": {
              "L": 55,
              "M": 69,
              "U": 82,
              "GMIR": 68.83
            }
          }
        }
      ]
    },
    {
      "job_id": 3,
      "operations": [
        {
          "op_id": 0,
          "alternatives": {
            "0": {
              "L": 34,
              "M": 43,
              "U": 51,
              "GMIR": 42.83
            }
          }
        },
        {
          "op_id": 1,
          "alternatives": {
            "0": {
              "L": 20,
              "M": 26,
              "U": 31,
              "GMIR": 25.83
            }
          }
        },
        {
          "op_id": 2,
          "alternatives": {
            "0": {
              "L": 26,
              "M": 33,
              "U": 39,
              "GMIR": 32.83
            }
          }
        }
      ]
    },
    {
      "job_id": 4,
      "operations": [
        {
          "op_id": 0,
          "alternatives": {
            "2": {
              "L": 47,
              "M": 59,
              "U": 70,
              "GMIR": 58.83
            }
          }
        },
        {
          "op_id": 1,
          "alternatives": {
            "2": {
              "L": 70,
              "M": 88,
              "U": 105,
              "GMIR": 87.83
            }
          }
        },
        {
          "op_id": 2,
          "alternatives": {
            "2": {
              "L": 80,
              "M": 100,
              "U": 120,
              "GMIR": 100.0
            }
          }
        }
      ]
    }
  ],
  "machines": [
    {
      "machine_id": 0,
      "power_processing": 14.1,
      "power_idle": 2.3,
      "pm_duration": 21.0,
      "pm_window_start": 95.3,
      "pm_window_end": 333.5
    },
    {
      "machine_id": 1,
      "power_processing": 11.8,
      "power_idle": 2.0,
      "pm_duration": 16.8,
      "pm_window_start": 95.3,
      "pm_window_end": 333.5
    },
    {
      "machine_id": 2,
      "power_processing": 10.7,
      "power_idle": 1.1,
      "pm_duration": 26.6,
      "pm_window_start": 95.3,
      "pm_window_end": 333.5
    }
  ]
}