{
  "name": "Small_6x4x3",
  "num_jobs": 6,
  "num_machines": 4,
  "total_operations": 18,
  "alpha": 0.5,
  "beta": 0.5,
  "jobs": [
    {
      "job_id": 0,
      "operations": [
        {
          "op_id": 0,
          "alternatives": {
            "3": {
              "L": 72,
              "M": 91,
              "U": 109,
              "GMIR": 90.83
            },
            "2": {
              "L": 11,
              "M": 14,
              "U": 16,
              "GMIR": 13.83
            }
          }
        },
        {
          "op_id": 1,
          "alternatives": {
            "3": {
              "L": 48,
              "M": 60,
              "U": 72,
              "GMIR": 60.0
            },
            "0": {
              "L": 62,
              "M": 78,
              "U": 93,
              "GMIR": 77.83
            }
          }
        },
        {
          "op_id": 2,
          "alternatives": {
            "2": {
              "L": 39,
              "M": 49,
              "U": 58,
              "GMIR": 48.83
            },
            "3": {
              "L": 67,
              "M": 84,
              "U": 100,
              "GMIR": 83.83
            }
          }
        }
      ]
    },
    {
      "job_id": 1,
      "operations": [
        {
          "op_id": 0,
          "alternatives": {
            "1": {
              "L": 41,
              "M": 52,
              "U": 62,
              "GMIR": 51.83
            },
            "2": {
              "L": 38,
              "M": 48,
              "U": 57,
              "GMIR": 47.83
            }
          }
        },
        {
          "op_id": 1,
          "alternatives": {
            "2": {
              "L": 39,
              "M": 49,
              "U": 58,
              "GMIR": 48.83
            },
            "1": {
              "L": 44,
              "M": 56,
              "U": 67,
              "GMIR": 55.83
            }
          }
        },
        {
          "op_id": 2,
          "alternatives": {
            "1": {
              "L": 64,
              "M": 80,
              "U": 96,
              "GMIR": 80.0
            },
            "3": {
              "L": 30,
              "M": 38,
              "U": 45,
              "GMIR": 37.83
            }
          }
        }
      ]
    },
    {
      "job_id": 2,
      "operations": [
        {
          "op_id": 0,
          "alternatives": {
            "3": {
              "L": 71,
              "M": 89,
              "U": 106,
              "GMIR": 88.83
            },
            "1": {
              "L": 28,
              "M": 36,
              "U": 43,
              "GMIR": 35.83
            }
          }
        },
        {
          "op_id": 1,
          "alternatives": {
            "2": {
              "L": 25,
              "M": 32,
              "U": 38,
              "GMIR": 31.83
            },
            "3": {
              "L": 76,
              "M": 95,
              "U": 114,
              "GMIR": 95.0
            }
          }
        },
        {
          "op_id": 2,
          "alternatives": {
            "3": {
              "L": 68,
              "M": 85,
              "U": 102,
              "GMIR": 85.0
            },
            "0": {
              "L": 60,
              "M": 76,
              "U": 91,
              "GMIR": 75.83
            }
          }
        }
      ]
    },
    {
      "job_id": 3,
      "operations": [
        {
          "op_id": 0,
          "alternatives": {
            "3": {
              "L": 28,
              "M": 36,
              "U": 43,
              "GMIR": 35.83
            },
            "0": {
              "L": 52,
              "M": 66,
              "U": 79,
              "GMIR": 65.83
            }
          }
        },
        {
          "op_id": 1,
          "alternatives": {
            "3": {
              "L": 32,
              "M": 40,
              "U": 48,
              "GMIR": 40.0
            },
            "0": {
              "L": 27,
              "M": 34,
              "U": 40,
              "GMIR": 33.83
            }
          }
        },
        {
          "op_id": 2,
          "alternatives": {
            "0": {
              "L": 69,
              "M": 87,
              "U": 104,
              "GMIR": 86.83
            },
            "1": {
              "L": 17,
              "M": 22,
              "U": 26,
              "GMIR": 21.83
            }
          }
        }
      ]
    },
    {
      "job_id": 4,
      "operations": [
        {
          "op_id": 0,
          "alternatives": {
            "3": {
              "L": 60,
              "M": 76,
              "U": 91,
              "GMIR": 75.83
            },
            "2": {
              "L": 72,
              "M": 90,
              "U": 108,
              "GMIR": 90.0
            }
          }
        },
        {
          "op_id": 1,
          "alternatives": {
            "0": {
              "L": 41,
              "M": 52,
              "U": 62,
              "GMIR": 51.83
            },
            "1": {
              "L": 15,
              "M": 19,
              "U": 22,
              "GMIR": 18.83
            }
          }
        },
        {
          "op_id": 2,
          "alternatives": {
            "0": {
              "L": 39,
              "M": 49,
              "U": 58,
              "GMIR": 48.83
            },
            "1": {
              "L": 17,
              "M": 22,
              "U": 26,
              "GMIR": 21.83
            }
          }
        }
      ]
    },
    {
      "job_id": 5,
      "operations": [
        {
          "op_id": 0,
          "alternatives": {
            "2": {
              "L": 21,
              "M": 27,
              "U": 32,
              "GMIR": 26.83
            },
            "3": {
              "L": 28,
              "M": 35,
              "U": 42,
              "GMIR": 35.0
            }
          }
        },
        {
          "op_id": 1,
          "alternatives": {
            "3": {
              "L": 40,
              "M": 50,
              "U": 60,
              "GMIR": 50.0
            },
            "0": {
              "L": 23,
              "M": 29,
              "U": 34,
              "GMIR": 28.83
            }
          }
        },
        {
          "op_id": 2,
          "alternatives": {
            "0": {
              "L": 76,
              "M": 95,
              "U": 114,
              "GMIR": 95.0
            },
            "1": {
              "L": 18,
              "M": 23,
              "U": 27,
              "GMIR": 22.83
            }
          }
        }
      ]
    }
  ],
  "machines": [
    {
      "machine_id": 0,
      "power_processing": 9.8,
      "power_idle": 2.1,
      "pm_duration": 24.2,
      "pm_window_start": 95.6,
      "pm_window_end": 334.4
    },
    {
      "machine_id": 1,
      "power_processing": 6.6,
      "power_idle": 1.1,
      "pm_duration": 20.5,
      "pm_window_start": 95.6,
      "pm_window_end": 334.4
    },
    {
      "machine_id": 2,
      "power_processing": 12.6,
      "power_idle": 2.2,
      "pm_duration": 18.1,
      "pm_window_start": 95.6,
      "pm_window_end": 334.4
    },
    {
      "machine_id": 3,
      "power_processing": 5.2,
      "power_idle": 2.0,
      "pm_duration": 18.6,
      "pm_window_start": 95.6,
      "pm_window_end": 334.4
    }
  ]
}