{
  "name": "Small_3x2x2",
  "num_jobs": 3,
  "num_machines": 2,
  "total_operations": 6,
  "alpha": 0.5,
  "beta": 0.5,
  "jobs": [
    {
      "job_id": 0,
      "operations": [
        {
          "op_id": 0,
          "alternatives": {
            "0": {
              "L": 10,
              "M": 13,
              "U": 15,
              "GMIR": 12.83
            }
          }
        },
        {
          "op_id": 1,
          "alternatives": {
            "1": {
              "L": 32,
              "M": 41,
              "U": 49,
              "GMIR": 40.83
            }
          }
        }
      ]
    },
    {
      "job_id": 1,
      "operations": [
        {
          "op_id": 0,
          "alternatives": {
            "0": {
              "L": 21,
              "M": 27,
              "U": 32,
              "GMIR": 26.83
            }
          }
        },
        {
          "op_id": 1,
          "alternatives": {
            "0": {
              "L": 76,
              "M": 96,
              "U": 115,
              "GMIR": 95.83
            }
          }
        }
      ]
    },
    {
      "job_id": 2,
      "operations": [
        {
          "op_id": 0,
          "alternatives": {
            "0": {
              "L": 68,
              "M": 85,
              "U": 102,
              "GMIR": 85.0
            }
          }
        },
        {
          "op_id": 1,
          "alternatives": {
            "1": {
              "L": 11,
              "M": 14,
              "U": 16,
              "GMIR": 13.83
            }
          }
        }
      ]
    }
  ],
  "machines": [
    {
      "machine_id": 0,
      "power_processing": 5.3,
      "power_idle": 1.4,
      "pm_duration": 20.1,
      "pm_window_start": 41.4,
      "pm_window_end": 144.9
    },
    {
      "machine_id": 1,
      "power_processing": 5.3,
      "power_idle": 1.4,
      "pm_duration": 23.0,
      "pm_window_start": 41.4,
      "pm_window_end": 144.9
    }
  ]
}