{
  "name": "Small_4x3x2",
  "num_jobs": 4,
  "num_machines": 3,
  "total_operations": 8,
  "alpha": 0.5,
  "beta": 0.5,
  "jobs": [
    {
      "job_id": 0,
      "operations": [
        {
          "op_id": 0,
          "alternatives": {
            "0": {
              "L": 16,
              "M": 21,
              "U": 25,
              "GMIR": 20.83
            },
            "1": {
              "L": 49,
              "M": 62,
              "U": 74,
              "GMIR": 61.83
            }
          }
        },
        {
          "op_id": 1,
          "alternatives": {
            "1": {
              "L": 11,
              "M": 14,
              "U": 16,
              "GMIR": 13.83
            },
            "0": {
              "L": 46,
              "M": 58,
              "U": 69,
              "GMIR": 57.83
            }
          }
        }
      ]
    },
    {
      "job_id": 1,
      "operations": [
        {
          "op_id": 0,
          "alternatives": {
            "2": {
              "L": 42,
              "M": 53,
              "U": 63,
              "GMIR": 52.83
            },
            "1": {
              "L": 12,
              "M": 16,
              "U": 19,
              "GMIR": 15.83
            }
          }
        },
        {
          "op_id": 1,
          "alternatives": {
            "0": {
              "L": 42,
              "M": 53,
              "U": 63,
              "GMIR": 52.83
            },
            "2": {
              "L": 64,
              "M": 81,
              "U": 97,
              "GMIR": 80.83
            }
          }
        }
      ]
    },
    {
      "job_id": 2,
      "operations": [
        {
          "op_id": 0,
          "alternatives": {
            "1": {
              "L": 24,
              "M": 30,
              "U": 36,
              "GMIR": 30.0
            },
            "0": {
              "L": 8,
              "M": 10,
              "U": 12,
              "GMIR": 10.0
            }
          }
        },
        {
          "op_id": 1,
          "alternatives": {
            "1": {
              "L": 68,
              "M": 86,
              "U": 103,
              "GMIR": 85.83
            },
            "0": {
              "L": 46,
              "M": 58,
              "U": 69,
              "GMIR": 57.83
            }
          }
        }
      ]
    },
    {
      "job_id": 3,
      "operations": [
        {
          "op_id": 0,
          "alternatives": {
            "0": {
              "L": 40,
              "M": 50,
              "U": 60,
              "GMIR": 50.0
            },
            "2": {
              "L": 53,
              "M": 67,
              "U": 80,
              "GMIR": 66.83
            }
          }
        },
        {
          "op_id": 1,
          "alternatives": {
            "0": {
              "L": 16,
              "M": 21,
              "U": 25,
              "GMIR": 20.83
            },
            "2": {
              "L": 76,
              "M": 95,
              "U": 114,
              "GMIR": 95.0
            }
          }
        }
      ]
    }
  ],
  "machines": [
    {
      "machine_id": 0,
      "power_processing": 6.4,
      "power_idle": 2.6,
      "pm_duration": 10.4,
      "pm_window_start": 53.2,
      "pm_window_end": 186.2
    },
    {
      "machine_id": 1,
      "power_processing": 14.1,
      "power_idle": 2.1,
      "pm_duration": 15.3,
      "pm_window_start": 53.2,
      "pm_window_end": 186.2
    },
    {
      "machine_id": 2,
      "power_processing": 13.4,
      "power_idle": 2.5,
      "pm_duration": 16.9,
      "pm_window_start": 53.2,
      "pm_window_end": 186.2
    }
  ]
}